gpu,problem_dim,grid_n,rows,nnz,kernel_variant,block_size,avg_spmv_ms,spmv_gbps,bw_efficiency_pct
[2D N=64] 4096 x 4096, nnz = 20224, avg nnz/row = 4.9375, memory ~ 0.309574 MB,,,,,,
NVIDIA GeForce RTX 4090 Laptop GPU,2D,64,4096,20224,row_per_thread,64,0.0129,25.16,20.16
NVIDIA GeForce RTX 4090 Laptop GPU,2D,64,4096,20224,row_per_thread,128,0.0119,27.23,21.82
NVIDIA GeForce RTX 4090 Laptop GPU,2D,64,4096,20224,row_per_thread,256,0.0119,27.33,21.9
NVIDIA GeForce RTX 4090 Laptop GPU,2D,64,4096,20224,row_per_thread,512,0.012,27.12,21.73
NVIDIA GeForce RTX 4090 Laptop GPU,2D,64,4096,20224,warp_per_row,64,0.0116,27.91,22.36
NVIDIA GeForce RTX 4090 Laptop GPU,2D,64,4096,20224,warp_per_row,128,0.0128,25.32,20.29
NVIDIA GeForce RTX 4090 Laptop GPU,2D,64,4096,20224,warp_per_row,256,0.0114,28.38,22.74
NVIDIA GeForce RTX 4090 Laptop GPU,2D,64,4096,20224,warp_per_row,512,0.0116,28.1,22.52
NVIDIA GeForce RTX 4090 Laptop GPU,2D,64,4096,20224,cusparse,0,0.0298,10.9,8.73
[2D N=128] 16384 x 16384, nnz = 81408, avg nnz/row = 4.97, memory ~ 1.24 MB,,,,,,
NVIDIA GeForce RTX 4090 Laptop GPU,2D,128,16384,81408,row_per_thread,64,0.0132,98.68,79.07
NVIDIA GeForce RTX 4090 Laptop GPU,2D,128,16384,81408,row_per_thread,128,0.0122,106.9,85.66
NVIDIA GeForce RTX 4090 Laptop GPU,2D,128,16384,81408,row_per_thread,256,0.0122,106.88,85.64
NVIDIA GeForce RTX 4090 Laptop GPU,2D,128,16384,81408,row_per_thread,512,0.019,68.82,55.14
NVIDIA GeForce RTX 4090 Laptop GPU,2D,128,16384,81408,warp_per_row,64,0.0187,69.7,55.85
NVIDIA GeForce RTX 4090 Laptop GPU,2D,128,16384,81408,warp_per_row,128,0.0184,71.09,56.97
NVIDIA GeForce RTX 4090 Laptop GPU,2D,128,16384,81408,warp_per_row,256,0.0184,70.86,56.78
NVIDIA GeForce RTX 4090 Laptop GPU,2D,128,16384,81408,warp_per_row,512,0.0186,70.12,56.18
NVIDIA GeForce RTX 4090 Laptop GPU,2D,128,16384,81408,cusparse,0,0.0444,29.37,23.53
[2D N=256] 65536 x 65536, nnz = 326656, avg nnz/row = 4.98, memory ~ 4.99 MB,,,,,,
NVIDIA GeForce RTX 4090 Laptop GPU,2D,256,65536,326656,row_per_thread,64,0.0089,588.48,471.54
NVIDIA GeForce RTX 4090 Laptop GPU,2D,256,65536,326656,row_per_thread,128,0.0084,622.17,498.53
NVIDIA GeForce RTX 4090 Laptop GPU,2D,256,65536,326656,row_per_thread,256,0.008,650.91,521.56
NVIDIA GeForce RTX 4090 Laptop GPU,2D,256,65536,326656,row_per_thread,512,0.0082,635.6,509.29
NVIDIA GeForce RTX 4090 Laptop GPU,2D,256,65536,326656,warp_per_row,64,0.0531,98.5,78.93
NVIDIA GeForce RTX 4090 Laptop GPU,2D,256,65536,326656,warp_per_row,128,0.065,80.43,64.45
NVIDIA GeForce RTX 4090 Laptop GPU,2D,256,65536,326656,warp_per_row,256,0.053,98.73,79.11
NVIDIA GeForce RTX 4090 Laptop GPU,2D,256,65536,326656,warp_per_row,512,0.053,98.67,79.06
NVIDIA GeForce RTX 4090 Laptop GPU,2D,256,65536,326656,cusparse,0,0.0475,110.04,88.17
[2D N=512] 262144 x 262144, nnz = 1308672, avg nnz/row = 4.99, memory ~ 19.98 MB,,,,,,
NVIDIA GeForce RTX 4090 Laptop GPU,2D,512,262144,1308672,row_per_thread,64,0.0189,1110.61,889.91
NVIDIA GeForce RTX 4090 Laptop GPU,2D,512,262144,1308672,row_per_thread,128,0.0186,1124.07,900.7
NVIDIA GeForce RTX 4090 Laptop GPU,2D,512,262144,1308672,row_per_thread,256,0.0176,1189.99,953.52
NVIDIA GeForce RTX 4090 Laptop GPU,2D,512,262144,1308672,row_per_thread,512,0.0269,779.28,624.42
NVIDIA GeForce RTX 4090 Laptop GPU,2D,512,262144,1308672,warp_per_row,64,0.2161,96.91,77.65
NVIDIA GeForce RTX 4090 Laptop GPU,2D,512,262144,1308672,warp_per_row,128,0.2162,96.91,77.65
NVIDIA GeForce RTX 4090 Laptop GPU,2D,512,262144,1308672,warp_per_row,256,0.2153,97.3,77.97
NVIDIA GeForce RTX 4090 Laptop GPU,2D,512,262144,1308672,warp_per_row,512,0.2156,97.16,77.85
NVIDIA GeForce RTX 4090 Laptop GPU,2D,512,262144,1308672,cusparse,0,0.0478,438.31,351.21
[2D N=1024] 1048576 x 1048576, nnz = 5238784, avg nnz/row = 5.00, memory ~ 79.95 MB,,,,,,
NVIDIA GeForce RTX 4090 Laptop GPU,2D,1024,1048576,5238784,row_per_thread,64,0.1684,497.85,398.92
NVIDIA GeForce RTX 4090 Laptop GPU,2D,1024,1048576,5238784,row_per_thread,128,0.1667,502.93,402.99
NVIDIA GeForce RTX 4090 Laptop GPU,2D,1024,1048576,5238784,row_per_thread,256,0.1689,496.31,397.69
NVIDIA GeForce RTX 4090 Laptop GPU,2D,1024,1048576,5238784,row_per_thread,512,0.1685,497.49,398.63
NVIDIA GeForce RTX 4090 Laptop GPU,2D,1024,1048576,5238784,warp_per_row,64,0.7305,114.77,91.96
NVIDIA GeForce RTX 4090 Laptop GPU,2D,1024,1048576,5238784,warp_per_row,128,0.714,117.41,94.08
NVIDIA GeForce RTX 4090 Laptop GPU,2D,1024,1048576,5238784,warp_per_row,256,0.7132,117.54,94.19
NVIDIA GeForce RTX 4090 Laptop GPU,2D,1024,1048576,5238784,warp_per_row,512,0.712,117.75,94.35
NVIDIA GeForce RTX 4090 Laptop GPU,2D,1024,1048576,5238784,cusparse,0,0.1453,576.97,462.32
[2D N=2048] 4194304 x 4194304, nnz = 20963328, avg nnz/row = 5.00, memory ~ 319.91 MB,,,,,,
NVIDIA GeForce RTX 4090 Laptop GPU,2D,2048,4194304,20963328,row_per_thread,64,0.6654,504.15,403.96
NVIDIA GeForce RTX 4090 Laptop GPU,2D,2048,4194304,20963328,row_per_thread,128,0.6659,503.74,403.64
NVIDIA GeForce RTX 4090 Laptop GPU,2D,2048,4194304,20963328,row_per_thread,256,0.6489,516.95,414.23
NVIDIA GeForce RTX 4090 Laptop GPU,2D,2048,4194304,20963328,row_per_thread,512,0.6609,507.53,406.67
NVIDIA GeForce RTX 4090 Laptop GPU,2D,2048,4194304,20963328,warp_per_row,64,2.8627,117.18,93.89
NVIDIA GeForce RTX 4090 Laptop GPU,2D,2048,4194304,20963328,warp_per_row,128,2.8757,116.65,93.47
NVIDIA GeForce RTX 4090 Laptop GPU,2D,2048,4194304,20963328,warp_per_row,256,2.8772,116.59,93.42
NVIDIA GeForce RTX 4090 Laptop GPU,2D,2048,4194304,20963328,warp_per_row,512,2.8457,117.88,94.45
NVIDIA GeForce RTX 4090 Laptop GPU,2D,2048,4194304,20963328,cusparse,0,0.6743,497.47,398.61
[3D N=32] 32768 x 32768, nnz = 223232, avg nnz/row = 6.81, memory ~ 3.18 MB,,,,,,
NVIDIA GeForce RTX 4090 Laptop GPU,3D,32,32768,223232,row_per_thread,64,0.0063,528.57,423.54
NVIDIA GeForce RTX 4090 Laptop GPU,3D,32,32768,223232,row_per_thread,128,0.0061,544.74,436.49
NVIDIA GeForce RTX 4090 Laptop GPU,3D,32,32768,223232,row_per_thread,256,0.0062,541.76,434.11
NVIDIA GeForce RTX 4090 Laptop GPU,3D,32,32768,223232,row_per_thread,512,0.0062,540.86,433.38
NVIDIA GeForce RTX 4090 Laptop GPU,3D,32,32768,223232,warp_per_row,64,0.0234,142.62,114.28
NVIDIA GeForce RTX 4090 Laptop GPU,3D,32,32768,223232,warp_per_row,128,0.0233,142.89,114.49
NVIDIA GeForce RTX 4090 Laptop GPU,3D,32,32768,223232,warp_per_row,256,0.0342,97.49,78.11
NVIDIA GeForce RTX 4090 Laptop GPU,3D,32,32768,223232,warp_per_row,512,0.0253,131.57,105.42
NVIDIA GeForce RTX 4090 Laptop GPU,3D,32,32768,223232,cusparse,0,0.0391,85.24,68.3
[3D N=48] 110592 x 110592, nnz = 760320, avg nnz/row = 6.88, memory ~ 10.81 MB,,,,,,
NVIDIA GeForce RTX 4090 Laptop GPU,3D,48,110592,760320,row_per_thread,64,0.0155,731.66,586.27
NVIDIA GeForce RTX 4090 Laptop GPU,3D,48,110592,760320,row_per_thread,128,0.0248,458.01,366.99
NVIDIA GeForce RTX 4090 Laptop GPU,3D,48,110592,760320,row_per_thread,256,0.0127,890.1,713.22
NVIDIA GeForce RTX 4090 Laptop GPU,3D,48,110592,760320,row_per_thread,512,0.0137,826.24,662.05
NVIDIA GeForce RTX 4090 Laptop GPU,3D,48,110592,760320,warp_per_row,64,0.0725,156.39,125.31
NVIDIA GeForce RTX 4090 Laptop GPU,3D,48,110592,760320,warp_per_row,128,0.0845,134.13,107.48
NVIDIA GeForce RTX 4090 Laptop GPU,3D,48,110592,760320,warp_per_row,256,0.0726,156.12,125.1
NVIDIA GeForce RTX 4090 Laptop GPU,3D,48,110592,760320,warp_per_row,512,0.0845,134.14,107.48
NVIDIA GeForce RTX 4090 Laptop GPU,3D,48,110592,760320,cusparse,0,0.0262,432.76,346.76
[3D N=64] 262144 x 262144, nnz = 1810432, avg nnz/row = 6.91, memory ~ 25.72 MB,,,,,,
NVIDIA GeForce RTX 4090 Laptop GPU,3D,64,262144,1810432,row_per_thread,64,0.0249,1081.67,866.72
NVIDIA GeForce RTX 4090 Laptop GPU,3D,64,262144,1810432,row_per_thread,128,0.0265,1016.44,814.46
NVIDIA GeForce RTX 4090 Laptop GPU,3D,64,262144,1810432,row_per_thread,256,0.0256,1051.78,842.78
NVIDIA GeForce RTX 4090 Laptop GPU,3D,64,262144,1810432,row_per_thread,512,0.0271,993.85,796.35
NVIDIA GeForce RTX 4090 Laptop GPU,3D,64,262144,1810432,warp_per_row,64,0.1805,149.38,119.7
NVIDIA GeForce RTX 4090 Laptop GPU,3D,64,262144,1810432,warp_per_row,128,0.1817,148.42,118.93
NVIDIA GeForce RTX 4090 Laptop GPU,3D,64,262144,1810432,warp_per_row,256,0.18,149.82,120.05
NVIDIA GeForce RTX 4090 Laptop GPU,3D,64,262144,1810432,warp_per_row,512,0.1802,149.7,119.95
NVIDIA GeForce RTX 4090 Laptop GPU,3D,64,262144,1810432,cusparse,0,0.0495,544.74,436.49
[3D N=96] 884736 x 884736, nnz = 6137856, avg nnz/row = 6.94, memory ~ 87.12 MB,,,,,,
NVIDIA GeForce RTX 4090 Laptop GPU,3D,96,884736,6137856,row_per_thread,64,0.1824,500.89,401.35
NVIDIA GeForce RTX 4090 Laptop GPU,3D,96,884736,6137856,row_per_thread,128,0.1822,501.25,401.65
NVIDIA GeForce RTX 4090 Laptop GPU,3D,96,884736,6137856,row_per_thread,256,0.1818,502.58,402.71
NVIDIA GeForce RTX 4090 Laptop GPU,3D,96,884736,6137856,row_per_thread,512,0.1823,501.06,401.49
NVIDIA GeForce RTX 4090 Laptop GPU,3D,96,884736,6137856,warp_per_row,64,0.6019,151.77,121.61
NVIDIA GeForce RTX 4090 Laptop GPU,3D,96,884736,6137856,warp_per_row,128,0.5984,152.67,122.33
NVIDIA GeForce RTX 4090 Laptop GPU,3D,96,884736,6137856,warp_per_row,256,0.5994,152.4,122.12
NVIDIA GeForce RTX 4090 Laptop GPU,3D,96,884736,6137856,warp_per_row,512,0.5985,152.64,122.31
NVIDIA GeForce RTX 4090 Laptop GPU,3D,96,884736,6137856,cusparse,0,0.1619,564.07,451.98
[3D N=128] 2097152 x 2097152, nnz = 14581760, avg nnz/row = 6.95, memory ~ 206.88 MB,,,,,,
NVIDIA GeForce RTX 4090 Laptop GPU,3D,128,2097152,14581760,row_per_thread,64,0.4349,498.81,399.69
NVIDIA GeForce RTX 4090 Laptop GPU,3D,128,2097152,14581760,row_per_thread,128,0.4328,501.16,401.57
NVIDIA GeForce RTX 4090 Laptop GPU,3D,128,2097152,14581760,row_per_thread,256,0.4219,514.16,411.99
NVIDIA GeForce RTX 4090 Laptop GPU,3D,128,2097152,14581760,row_per_thread,512,0.4261,509.13,407.96
NVIDIA GeForce RTX 4090 Laptop GPU,3D,128,2097152,14581760,warp_per_row,64,1.4384,150.81,120.84
NVIDIA GeForce RTX 4090 Laptop GPU,3D,128,2097152,14581760,warp_per_row,128,1.4312,151.57,121.45
NVIDIA GeForce RTX 4090 Laptop GPU,3D,128,2097152,14581760,warp_per_row,256,1.4382,150.83,120.86
NVIDIA GeForce RTX 4090 Laptop GPU,3D,128,2097152,14581760,warp_per_row,512,1.4191,152.86,122.48
NVIDIA GeForce RTX 4090 Laptop GPU,3D,128,2097152,14581760,cusparse,0,0.3752,578.12,463.24
